{
  "我自己": {
    "mfcc_mean": [
      -403.37389587876584,
      -26.979810893578158,
      -13.317218438378076,
      -0.41263929859095205,
      7.6484316917227,
      -5.24660688722768,
      -5.034943028544551,
      -0.9138193526858416,
      1.173501149419898,
      2.317270325547021,
      0.15604825204243036,
      -1.201817221265002,
      -0.3720663647546429
    ],
    "mfcc_std": [
      18.533062953030026,
      12.356737373653461,
      7.97174994655691,
      4.928116721071096,
      4.12974114092313,
      4.5133930292738285,
      4.052986357889195,
      2.892889107406455,
      2.657280590454323,
      2.683968497921137,
      2.163645058052927,
      2.155194429557484,
      2.3124554721919477
    ]
  }
}